,Product Name,Prices,Description,Ratings,Reviews
0,"APPLE iPhone 13 (Starlight, 256 GB)","₹62,999",256 GB ROM15.49 cm (6.1 inch) Super Retina XDR Display12MP + 12MP | 12MP Front CameraA15 Bionic Chip ProcessorBrand Warranty for 1 Year,4.6,"2,75,754 Ratings & 13,429 Reviews"
1,"APPLE iPhone 15 Pro (Natural Titanium, 128 GB)","₹1,30,990","128 GB ROM15.49 cm (6.1 inch) Super Retina XDR Display48MP + 12MP + 12MP | 12MP Front CameraA17 Pro Chip, 6 Core Processor Processor1 Year Warranty for Phone and 6 Months Warranty for In-Box Accessories",4.7,408 Ratings & 37 Reviews
2,"APPLE iPhone 11 (White, 64 GB)","₹43,900",64 GB ROM15.49 cm (6.1 inch) Liquid Retina HD Display12MP + 12MP | 12MP Front CameraA13 Bionic Chip ProcessorBrand Warranty of 1 Year,4.6,"2,04,458 Ratings & 11,509 Reviews"
3,"APPLE iPhone 15 (Pink, 256 GB)","₹82,999","256 GB ROM15.49 cm (6.1 inch) Super Retina XDR Display48MP + 12MP | 12MP Front CameraA16 Bionic Chip, 6 Core Processor Processor1 Year Warranty for Phone and 6 Months Warranty for In-Box Accessories",4.6,"2,659 Ratings & 207 Reviews"
4,"APPLE iPhone 13 (Midnight, 128 GB)","₹52,999",128 GB ROM15.49 cm (6.1 inch) Super Retina XDR Display12MP + 12MP | 12MP Front CameraA15 Bionic Chip ProcessorBrand Warranty for 1 Year,4.6,"2,75,754 Ratings & 13,429 Reviews"
5,"APPLE iPhone 15 Pro (Blue Titanium, 128 GB)","₹1,30,990","128 GB ROM15.49 cm (6.1 inch) Super Retina XDR Display48MP + 12MP + 12MP | 12MP Front CameraA17 Pro Chip, 6 Core Processor Processor1 Year Warranty for Phone and 6 Months Warranty for In-Box Accessories",4.7,408 Ratings & 37 Reviews
6,"APPLE iPhone 15 Pro (Black Titanium, 256 GB)","₹1,40,990","256 GB ROM15.49 cm (6.1 inch) Super Retina XDR Display48MP + 12MP + 12MP | 12MP Front CameraA17 Pro Chip, 6 Core Processor Processor1 Year Warranty for Phone and 6 Months Warranty for In-Box Accessories",4.7,408 Ratings & 37 Reviews
7,"APPLE iPhone 14 (Purple, 256 GB)","₹68,999","256 GB ROM15.49 cm (6.1 inch) Super Retina XDR Display12MP + 12MP | 12MP Front CameraA15 Bionic Chip, 6 Core Processor Processor1 Year Warranty for Phone and 6 Months Warranty for In-Box Accessories",4.6,"2,60,599 Ratings & 10,164 Reviews"
8,"APPLE iPhone 11 (Black, 64 GB)","₹43,900",64 GB ROM15.49 cm (6.1 inch) Liquid Retina HD Display12MP + 12MP | 12MP Front CameraA13 Bionic Chip ProcessorBrand Warranty of 1 Year,4.6,"2,04,458 Ratings & 11,509 Reviews"
9,"APPLE iPhone 13 (Pink, 128 GB)","₹52,999",128 GB ROM15.49 cm (6.1 inch) Super Retina XDR Display12MP + 12MP | 12MP Front CameraA15 Bionic Chip ProcessorBrand Warranty for 1 Year,4.6,"2,75,754 Ratings & 13,429 Reviews"
10,"APPLE iPhone 15 Plus (Pink, 256 GB)","₹92,999","256 GB ROM17.02 cm (6.7 inch) Super Retina XDR Display48MP + 12MP | 12MP Front CameraA16 Bionic Chip, 6 Core Processor Processor1 Year Warranty for Phone and 6 Months Warranty for In-Box Accessories",4.7,"1,186 Ratings & 133 Reviews"
11,"APPLE iPhone 15 Pro (White Titanium, 128 GB)","₹1,30,990","128 GB ROM15.49 cm (6.1 inch) Super Retina XDR Display48MP + 12MP + 12MP | 12MP Front CameraA17 Pro Chip, 6 Core Processor Processor1 Year Warranty for Phone and 6 Months Warranty for In-Box Accessories",4.7,408 Ratings & 37 Reviews
12,"APPLE iPhone 15 Pro (Black Titanium, 128 GB)","₹1,30,990","128 GB ROM15.49 cm (6.1 inch) Super Retina XDR Display48MP + 12MP + 12MP | 12MP Front CameraA17 Pro Chip, 6 Core Processor Processor1 Year Warranty for Phone and 6 Months Warranty for In-Box Accessories",4.7,408 Ratings & 37 Reviews
13,"APPLE iPhone 15 Pro Max (Natural Titanium, 256 GB)","₹1,56,900","256 GB ROM17.02 cm (6.7 inch) Super Retina XDR Display48MP + 12MP + 12MP | 12MP Front CameraA17 Pro Chip, 6 Core Processor Processor1 Year Warranty for Phone and 6 Months Warranty for In-Box Accessories",4.7,284 Ratings & 25 Reviews
14,"APPLE iPhone 14 (Midnight, 256 GB)","₹68,999","256 GB ROM15.49 cm (6.1 inch) Super Retina XDR Display12MP + 12MP | 12MP Front CameraA15 Bionic Chip, 6 Core Processor Processor1 Year Warranty for Phone and 6 Months Warranty for In-Box Accessories",4.6,"2,60,599 Ratings & 10,164 Reviews"
15,"APPLE iPhone 15 (Blue, 256 GB)","₹82,999","256 GB ROM15.49 cm (6.1 inch) Super Retina XDR Display48MP + 12MP | 12MP Front CameraA16 Bionic Chip, 6 Core Processor Processor1 Year Warranty for Phone and 6 Months Warranty for In-Box Accessories",4.6,"2,659 Ratings & 207 Reviews"
16,"APPLE iPhone 15 Pro Max (Natural Titanium, 1 TB)","₹1,96,900","1 TB ROM17.02 cm (6.7 inch) Super Retina XDR Display48MP + 12MP + 12MP | 12MP Front CameraA17 Pro Chip, 6 Core Processor Processor1 Year Warranty for Phone and 6 Months Warranty for In-Box Accessories",4.7,284 Ratings & 25 Reviews
17,"APPLE iPhone 15 Plus (Yellow, 128 GB)","₹82,999","128 GB ROM17.02 cm (6.7 inch) Super Retina XDR Display48MP + 12MP | 12MP Front CameraA16 Bionic Chip, 6 Core Processor Processor1 Year Warranty for Phone and 6 Months Warranty for In-Box Accessories",4.7,"1,186 Ratings & 133 Reviews"
18,"APPLE iPhone 15 Pro Max (Natural Titanium, 512 GB)","₹1,76,900","512 GB ROM17.02 cm (6.7 inch) Super Retina XDR Display48MP + 12MP + 12MP | 12MP Front CameraA17 Pro Chip, 6 Core Processor Processor1 Year Warranty for Phone and 6 Months Warranty for In-Box Accessories",4.7,284 Ratings & 25 Reviews
19,"APPLE iPhone 13 Pro Max (Gold, 1 TB)","₹1,79,900",1 TB ROM17.02 cm (6.7 inch) Super Retina XDR Display12MP + 12MP + 12MP | 12MP Front CameraA15 Bionic Chip ProcessorBrand Warranty for 1 Year,4.6,"2,053 Ratings & 199 Reviews"
20,"APPLE iPhone 15 Pro (White Titanium, 256 GB)","₹1,40,990","256 GB ROM15.49 cm (6.1 inch) Super Retina XDR Display48MP + 12MP + 12MP | 12MP Front CameraA17 Pro Chip, 6 Core Processor Processor1 Year Warranty for Phone and 6 Months Warranty for In-Box Accessories",4.7,408 Ratings & 37 Reviews
21,"APPLE iPhone 15 Pro Max (White Titanium, 256 GB)","₹1,56,900","256 GB ROM17.02 cm (6.7 inch) Super Retina XDR Display48MP + 12MP + 12MP | 12MP Front CameraA17 Pro Chip, 6 Core Processor Processor1 Year Warranty for Phone and 6 Months Warranty for In-Box Accessories",4.7,284 Ratings & 25 Reviews
22,"APPLE iPhone 15 Pro Max (Black Titanium, 256 GB)","₹1,56,900","256 GB ROM17.02 cm (6.7 inch) Super Retina XDR Display48MP + 12MP + 12MP | 12MP Front CameraA17 Pro Chip, 6 Core Processor Processor1 Year Warranty for Phone and 6 Months Warranty for In-Box Accessories",4.7,284 Ratings & 25 Reviews
23,"APPLE iPhone 15 Pro (Blue Titanium, 256 GB)","₹1,40,990","256 GB ROM15.49 cm (6.1 inch) Super Retina XDR Display48MP + 12MP + 12MP | 12MP Front CameraA17 Pro Chip, 6 Core Processor Processor1 Year Warranty for Phone and 6 Months Warranty for In-Box Accessories",4.7,408 Ratings & 37 Reviews
24,"APPLE iPhone 14 ((PRODUCT)RED, 512 GB)","₹88,999","512 GB ROM15.49 cm (6.1 inch) Super Retina XDR Display12MP + 12MP | 12MP Front CameraA15 Bionic Chip, 6 Core Processor Processor1 Year Warranty for Phone and 6 Months Warranty for In-Box Accessories",4.6,"2,60,599 Ratings & 10,164 Reviews"
25,"APPLE iPhone 14 (Blue, 512 GB)","₹88,999","512 GB ROM15.49 cm (6.1 inch) Super Retina XDR Display12MP + 12MP | 12MP Front CameraA15 Bionic Chip, 6 Core Processor Processor1 Year Warranty for Phone and 6 Months Warranty for In-Box Accessories",4.6,"2,60,599 Ratings & 10,164 Reviews"
26,"APPLE iPhone 15 Pro (Natural Titanium, 512 GB)","₹1,61,990","512 GB ROM15.49 cm (6.1 inch) Super Retina XDR Display48MP + 12MP + 12MP | 12MP Front CameraA17 Pro Chip, 6 Core Processor Processor1 Year Warranty for Phone and 6 Months Warranty for In-Box Accessories",4.7,408 Ratings & 37 Reviews
27,"APPLE iPhone 13 Pro Max (Graphite, 1 TB)","₹1,79,900",1 TB ROM17.02 cm (6.7 inch) Super Retina XDR Display12MP + 12MP + 12MP | 12MP Front CameraA15 Bionic Chip ProcessorBrand Warranty for 1 Year,4.6,"2,053 Ratings & 199 Reviews"
28,"APPLE iPhone 13 Pro Max (Sierra Blue, 1 TB)","₹1,79,900",1 TB ROM17.02 cm (6.7 inch) Super Retina XDR Display12MP + 12MP + 12MP | 12MP Front CameraA15 Bionic Chip ProcessorBrand Warranty for 1 Year,4.6,"2,053 Ratings & 199 Reviews"
29,"APPLE iPhone 12 (Purple, 256 GB)","₹63,999","256 GB ROM15.49 cm (6.1 inch) Super Retina XDR Display12MP + 12MP | 12MP Front CameraA14 Bionic Chip with Next Generation Neural Engine ProcessorCeramic ShieldIndustry-leading IP68 Water ResistanceAll Screen OLED Display12MP TrueDepth Front Camera with Night Mode, 4K Dolby Vision HDR RecordingBrand Warranty for 1 Year",4.6,"2,06,817 Ratings & 13,726 Reviews"
30,"APPLE iPhone 14 (Midnight, 512 GB)","₹88,999","512 GB ROM15.49 cm (6.1 inch) Super Retina XDR Display12MP + 12MP | 12MP Front CameraA15 Bionic Chip, 6 Core Processor Processor1 Year Warranty for Phone and 6 Months Warranty for In-Box Accessories",4.6,"2,60,599 Ratings & 10,164 Reviews"
31,"APPLE iPhone 15 Pro (White Titanium, 512 GB)","₹1,61,990","512 GB ROM15.49 cm (6.1 inch) Super Retina XDR Display48MP + 12MP + 12MP | 12MP Front CameraA17 Pro Chip, 6 Core Processor Processor1 Year Warranty for Phone and 6 Months Warranty for In-Box Accessories",4.7,408 Ratings & 37 Reviews
32,"APPLE iPhone SE (White, 64 GB)","₹39,900","64 GB ROM11.94 cm (4.7 inch) Retina HD Display12MP Rear Camera | 7MP Front CameraA13 Bionic Chip with 3rd Gen Neural Engine ProcessorWater and Dust Resistant (1 meter for Upto 30 minutes, IP67)Fast Charge CapableWireless charging (Works with Qi Chargers | Qi Chargers are Sold SeparatelyBrand Warranty of 1 Year",4.5,"1,54,784 Ratings & 12,075 Reviews"
33,"APPLE iPhone 13 (Starlight, 512 GB)","₹82,999",512 GB ROM15.49 cm (6.1 inch) Super Retina XDR Display12MP + 12MP | 12MP Front CameraA15 Bionic Chip ProcessorBrand Warranty for 1 Year,4.6,"2,75,754 Ratings & 13,429 Reviews"
34,"APPLE iPhone 15 Pro (Blue Titanium, 1 TB)","₹1,80,990","1 TB ROM15.49 cm (6.1 inch) Super Retina XDR Display48MP + 12MP + 12MP | 12MP Front CameraA17 Pro Chip, 6 Core Processor Processor1 Year Warranty for Phone and 6 Months Warranty for In-Box Accessories",4.7,408 Ratings & 37 Reviews
35,"APPLE iPhone 13 Pro (Silver, 1 TB)","₹1,69,900",1 TB ROM15.49 cm (6.1 inch) Super Retina XDR Display12MP + 12MP + 12MP | 12MP Front CameraA15 Bionic Chip ProcessorBrand Warranty for 1 Year,4.7,"1,587 Ratings & 126 Reviews"
36,"APPLE iPhone 12 (White, 128 GB)","₹49,999","128 GB ROM15.49 cm (6.1 inch) Super Retina XDR Display12MP + 12MP | 12MP Front CameraA14 Bionic Chip with Next Generation Neural Engine ProcessorCeramic ShieldIndustry-leading IP68 Water ResistanceAll Screen OLED Display12MP TrueDepth Front Camera with Night Mode, 4K Dolby Vision HDR RecordingBrand Warranty for 1 Year",4.6,"2,06,817 Ratings & 13,726 Reviews"
37,"APPLE iPhone 15 Pro Max (White Titanium, 1 TB)","₹1,96,900","1 TB ROM17.02 cm (6.7 inch) Super Retina XDR Display48MP + 12MP + 12MP | 12MP Front CameraA17 Pro Chip, 6 Core Processor Processor1 Year Warranty for Phone and 6 Months Warranty for In-Box Accessories",4.7,284 Ratings & 25 Reviews
38,"APPLE iPhone 13 (Blue, 256 GB)","₹62,999",256 GB ROM15.49 cm (6.1 inch) Super Retina XDR Display12MP + 12MP | 12MP Front CameraA15 Bionic Chip ProcessorBrand Warranty for 1 Year,4.6,"2,75,754 Ratings & 13,429 Reviews"
39,"APPLE iPhone 15 Plus (Pink, 512 GB)","₹1,12,999","512 GB ROM17.02 cm (6.7 inch) Super Retina XDR Display48MP + 12MP | 12MP Front CameraA16 Bionic Chip, 6 Core Processor Processor1 Year Warranty for Phone and 6 Months Warranty for In-Box Accessories",4.7,"1,186 Ratings & 133 Reviews"
40,"APPLE iPhone 14 (Purple, 512 GB)","₹88,999","512 GB ROM15.49 cm (6.1 inch) Super Retina XDR Display12MP + 12MP | 12MP Front CameraA15 Bionic Chip, 6 Core Processor Processor1 Year Warranty for Phone and 6 Months Warranty for In-Box Accessories",4.6,"2,60,599 Ratings & 10,164 Reviews"
41,"APPLE iPhone 15 Pro Max (Black Titanium, 512 GB)","₹1,76,900","512 GB ROM17.02 cm (6.7 inch) Super Retina XDR Display48MP + 12MP + 12MP | 12MP Front CameraA17 Pro Chip, 6 Core Processor Processor1 Year Warranty for Phone and 6 Months Warranty for In-Box Accessories",4.7,284 Ratings & 25 Reviews
42,"APPLE iPhone 13 Pro Max (Alpine Green, 1 TB)","₹1,79,900",1 TB ROM17.02 cm (6.7 inch) Super Retina XDR Display12MP + 12MP + 12MP | 12MP Front CameraA15 Bionic Chip ProcessorBrand Warranty for 1 Year,4.6,"2,053 Ratings & 199 Reviews"
43,"APPLE iPhone 15 Pro Max (Black Titanium, 1 TB)","₹1,96,900","1 TB ROM17.02 cm (6.7 inch) Super Retina XDR Display48MP + 12MP + 12MP | 12MP Front CameraA17 Pro Chip, 6 Core Processor Processor1 Year Warranty for Phone and 6 Months Warranty for In-Box Accessories",4.7,284 Ratings & 25 Reviews
44,"APPLE iPhone 15 (Black, 512 GB)","₹1,02,999","512 GB ROM15.49 cm (6.1 inch) Super Retina XDR Display48MP + 12MP | 12MP Front CameraA16 Bionic Chip, 6 Core Processor Processor1 Year Warranty for Phone and 6 Months Warranty for In-Box Accessories",4.6,"2,659 Ratings & 207 Reviews"
45,"APPLE iPhone 15 Pro Max (White Titanium, 512 GB)","₹1,76,900","512 GB ROM17.02 cm (6.7 inch) Super Retina XDR Display48MP + 12MP + 12MP | 12MP Front CameraA17 Pro Chip, 6 Core Processor Processor1 Year Warranty for Phone and 6 Months Warranty for In-Box Accessories",4.7,284 Ratings & 25 Reviews
46,"APPLE iPhone 11 (Red, 64 GB)","₹43,900",64 GB ROM15.49 cm (6.1 inch) Liquid Retina HD Display12MP + 12MP | 12MP Front CameraA13 Bionic Chip ProcessorBrand Warranty of 1 Year,4.6,"2,04,458 Ratings & 11,509 Reviews"
47,"APPLE iPhone 13 ((PRODUCT)RED, 512 GB)","₹82,999",512 GB ROM15.49 cm (6.1 inch) Super Retina XDR Display12MP + 12MP | 12MP Front CameraA15 Bionic Chip ProcessorBrand Warranty for 1 Year,4.6,"2,75,754 Ratings & 13,429 Reviews"
48,"APPLE iPhone 13 (Blue, 512 GB)","₹82,999",512 GB ROM15.49 cm (6.1 inch) Super Retina XDR Display12MP + 12MP | 12MP Front CameraA15 Bionic Chip ProcessorBrand Warranty for 1 Year,4.6,"2,75,754 Ratings & 13,429 Reviews"
49,"APPLE iPhone 14 Plus (Starlight, 512 GB)","₹96,999","512 GB ROM17.02 cm (6.7 inch) Super Retina XDR Display12MP + 12MP | 12MP Front CameraA15 Bionic Chip, 6 Core Processor Processor1 Year Warranty for Phone and 6 Months Warranty for In-Box Accessories",4.6,"58,235 Ratings & 3,417 Reviews"
50,"APPLE iPhone 15 (Blue, 512 GB)","₹1,02,999","512 GB ROM15.49 cm (6.1 inch) Super Retina XDR Display48MP + 12MP | 12MP Front CameraA16 Bionic Chip, 6 Core Processor Processor1 Year Warranty for Phone and 6 Months Warranty for In-Box Accessories",4.6,"2,659 Ratings & 207 Reviews"
51,"APPLE iPhone 15 (Pink, 512 GB)","₹1,02,999","512 GB ROM15.49 cm (6.1 inch) Super Retina XDR Display48MP + 12MP | 12MP Front CameraA16 Bionic Chip, 6 Core Processor Processor1 Year Warranty for Phone and 6 Months Warranty for In-Box Accessories",4.6,"2,659 Ratings & 207 Reviews"
52,"APPLE iPhone 11 (White, 64 GB)","₹43,900",64 GB ROM15.49 cm (6.1 inch) Liquid Retina HD Display12MP + 12MP | 12MP Front CameraA13 Bionic Chip ProcessorBrand Warranty of 1 Year,4.6,"2,04,458 Ratings & 11,509 Reviews"
53,"APPLE iPhone 14 (Starlight, 512 GB)","₹88,999","512 GB ROM15.49 cm (6.1 inch) Super Retina XDR Display12MP + 12MP | 12MP Front CameraA15 Bionic Chip, 6 Core Processor Processor1 Year Warranty for Phone and 6 Months Warranty for In-Box Accessories",4.6,"2,60,599 Ratings & 10,164 Reviews"
54,"APPLE iPhone 15 Plus (Green, 512 GB)","₹1,12,999","512 GB ROM17.02 cm (6.7 inch) Super Retina XDR Display48MP + 12MP | 12MP Front CameraA16 Bionic Chip, 6 Core Processor Processor1 Year Warranty for Phone and 6 Months Warranty for In-Box Accessories",4.7,"1,186 Ratings & 133 Reviews"
55,"APPLE iPhone 15 Pro Max (Blue Titanium, 512 GB)","₹1,76,900","512 GB ROM17.02 cm (6.7 inch) Super Retina XDR Display48MP + 12MP + 12MP | 12MP Front CameraA17 Pro Chip, 6 Core Processor Processor1 Year Warranty for Phone and 6 Months Warranty for In-Box Accessories",4.7,284 Ratings & 25 Reviews
56,"APPLE iPhone 15 Plus (Yellow, 512 GB)","₹1,12,999","512 GB ROM17.02 cm (6.7 inch) Super Retina XDR Display48MP + 12MP | 12MP Front CameraA16 Bionic Chip, 6 Core Processor Processor1 Year Warranty for Phone and 6 Months Warranty for In-Box Accessories",4.7,"1,186 Ratings & 133 Reviews"
57,"APPLE iPhone 15 Pro (Natural Titanium, 1 TB)","₹1,80,990","1 TB ROM15.49 cm (6.1 inch) Super Retina XDR Display48MP + 12MP + 12MP | 12MP Front CameraA17 Pro Chip, 6 Core Processor Processor1 Year Warranty for Phone and 6 Months Warranty for In-Box Accessories",4.7,408 Ratings & 37 Reviews
58,"APPLE iPhone 15 (Black, 256 GB)","₹82,999","256 GB ROM15.49 cm (6.1 inch) Super Retina XDR Display48MP + 12MP | 12MP Front CameraA16 Bionic Chip, 6 Core Processor Processor1 Year Warranty for Phone and 6 Months Warranty for In-Box Accessories",4.6,"2,659 Ratings & 207 Reviews"
59,"APPLE iPhone 15 Pro (White Titanium, 1 TB)","₹1,80,990","1 TB ROM15.49 cm (6.1 inch) Super Retina XDR Display48MP + 12MP + 12MP | 12MP Front CameraA17 Pro Chip, 6 Core Processor Processor1 Year Warranty for Phone and 6 Months Warranty for In-Box Accessories",4.7,408 Ratings & 37 Reviews
60,"APPLE iPhone 12 (Blue, 256 GB)","₹63,999","256 GB ROM15.49 cm (6.1 inch) Super Retina XDR Display12MP + 12MP | 12MP Front CameraA14 Bionic Chip with Next Generation Neural Engine ProcessorCeramic ShieldIndustry-leading IP68 Water ResistanceAll Screen OLED Display12MP TrueDepth Front Camera with Night Mode, 4K Dolby Vision HDR RecordingBrand Warranty for 1 Year",4.6,"2,06,817 Ratings & 13,726 Reviews"
61,"APPLE iPhone 15 (Yellow, 512 GB)","₹1,02,999","512 GB ROM15.49 cm (6.1 inch) Super Retina XDR Display48MP + 12MP | 12MP Front CameraA16 Bionic Chip, 6 Core Processor Processor1 Year Warranty for Phone and 6 Months Warranty for In-Box Accessories",4.6,"2,659 Ratings & 207 Reviews"
62,"APPLE iPhone 11 Pro Max (Space Grey, 64 GB)","₹1,17,100",64 GB ROM16.51 cm (6.5 inch) Super Retina XDR Display12MP + 12MP + 12MP | 12MP Front CameraA13 Bionic Chip ProcessorBrand Warranty for 1 Year,4.7,"1,103 Ratings & 100 Reviews"
63,"APPLE iPhone 15 Pro (Black Titanium, 1 TB)","₹1,80,990","1 TB ROM15.49 cm (6.1 inch) Super Retina XDR Display48MP + 12MP + 12MP | 12MP Front CameraA17 Pro Chip, 6 Core Processor Processor1 Year Warranty for Phone and 6 Months Warranty for In-Box Accessories",4.7,408 Ratings & 37 Reviews
64,"APPLE iPhone 11 Pro Max (Midnight Green, 64 GB)","₹1,09,900",64 GB ROM16.51 cm (6.5 inch) Super Retina XDR Display12MP + 12MP + 12MP | 12MP Front CameraA13 Bionic Chip ProcessorBrand Warranty for 1 Year,4.7,"1,103 Ratings & 100 Reviews"
65,"APPLE iPhone 15 Pro (Black Titanium, 512 GB)","₹1,61,990","512 GB ROM15.49 cm (6.1 inch) Super Retina XDR Display48MP + 12MP + 12MP | 12MP Front CameraA17 Pro Chip, 6 Core Processor Processor1 Year Warranty for Phone and 6 Months Warranty for In-Box Accessories",4.7,408 Ratings & 37 Reviews
66,"APPLE iPhone 15 (Green, 512 GB)","₹1,02,999","512 GB ROM15.49 cm (6.1 inch) Super Retina XDR Display48MP + 12MP | 12MP Front CameraA16 Bionic Chip, 6 Core Processor Processor1 Year Warranty for Phone and 6 Months Warranty for In-Box Accessories",4.6,"2,659 Ratings & 207 Reviews"
67,"APPLE iPhone 13 (Green, 512 GB)","₹82,999",512 GB ROM15.49 cm (6.1 inch) Super Retina XDR Display12MP + 12MP | 12MP Front CameraA15 Bionic Chip ProcessorBrand Warranty for 1 Year,4.6,"2,75,754 Ratings & 13,429 Reviews"
68,"APPLE iPhone 12 (Black, 256 GB)","₹63,999","256 GB ROM15.49 cm (6.1 inch) Super Retina XDR Display12MP + 12MP | 12MP Front CameraA14 Bionic Chip with Next Generation Neural Engine ProcessorCeramic ShieldIndustry-leading IP68 Water ResistanceAll Screen OLED Display12MP TrueDepth Front Camera with Night Mode, 4K Dolby Vision HDR RecordingBrand Warranty for 1 Year",4.6,"2,06,817 Ratings & 13,726 Reviews"
69,"APPLE iPhone 13 (Midnight, 512 GB)","₹82,999",512 GB ROM15.49 cm (6.1 inch) Super Retina XDR Display12MP + 12MP | 12MP Front CameraA15 Bionic Chip ProcessorBrand Warranty for 1 Year,4.6,"2,75,754 Ratings & 13,429 Reviews"
70,"APPLE iPhone 15 Pro (Blue Titanium, 512 GB)","₹1,61,990","512 GB ROM15.49 cm (6.1 inch) Super Retina XDR Display48MP + 12MP + 12MP | 12MP Front CameraA17 Pro Chip, 6 Core Processor Processor1 Year Warranty for Phone and 6 Months Warranty for In-Box Accessories",4.7,408 Ratings & 37 Reviews
71,"APPLE iPhone 6 Plus (Silver, 64 GB)","₹48,999",64 GB ROM13.97 cm (5.5 inch) Retina HD Display8MP Rear Camera | 1.2MP Front CameraA8 Chip with 64-bit Architecture and M8 Motion Co-processor1 Year Manufacturer Warranty,4.5,"1,674 Ratings & 199 Reviews"
72,"APPLE iPhone 8 (Silver, 64 GB)","₹39,900","64 GB ROM11.94 cm (4.7 inch) Retina HD Display12MP Rear Camera | 7MP Front CameraA11 Bionic Chip with 64-bit Architecture, Neural Engine, Embedded M11 Motion Coprocessor ProcessoriOS 13 CompatibleBrand Warranty of 1 Year",4.5,"11,394 Ratings & 802 Reviews"
73,"APPLE iPhone 5s (Silver, 16 GB)","₹25,000",16 GB ROM10.16 cm (4 inch) Retina Display8MP Rear Camera | 1.2MP Front CameraApple A7 64-bit processor and M7 Motion Co-processor1 Year Manufacturer Warranty,4.4,"62,791 Ratings & 7,329 Reviews"
74,"APPLE iPhone XS Max (Space Grey, 64 GB)","₹1,09,900",64 GB ROM16.51 cm (6.5 inch) Super Retina HD Display12MP + 12MP | 7MP Front CameraA12 Bionic Chip ProcessoriOS 13 Compatible1 Year Limited Warranty for Products and Accessories,4.6,"1,454 Ratings & 146 Reviews"
75,"APPLE iPhone 14 (Yellow, 256 GB)","₹68,999","256 GB ROM15.49 cm (6.1 inch) Super Retina XDR Display12MP + 12MP | 12MP Front CameraA15 Bionic Chip, 6 Core Processor Processor1 Year Warranty for Phone and 6 Months Warranty for In-Box Accessories",4.6,"2,60,599 Ratings & 10,164 Reviews"
76,"APPLE iPhone 5s (Space Grey, 16 GB)","₹25,000",16 GB ROM10.16 cm (4 inch) Retina Display8MP Rear Camera | 1.2MP Front CameraApple A7 64-bit processor and M7 Motion Co-processor1 Year Manufacturer Warranty,4.4,"62,791 Ratings & 7,329 Reviews"
77,"APPLE iPhone 8 (Silver, 256 GB)","₹77,000","256 GB ROM11.94 cm (4.7 inch) Retina HD Display12MP Rear Camera | 7MP Front CameraA11 Bionic Chip with 64-bit Architecture, Neural Engine, Embedded M11 Motion Coprocessor ProcessorBrand Warranty of 1 Year",4.5,"11,394 Ratings & 802 Reviews"
78,"APPLE iPhone 8 (Space Grey, 256 GB)","₹77,000","256 GB ROM11.94 cm (4.7 inch) Retina HD Display12MP Rear Camera | 7MP Front CameraA11 Bionic Chip with 64-bit Architecture, Neural Engine, Embedded M11 Motion Coprocessor ProcessorBrand Warranty of 1 Year",4.5,"11,394 Ratings & 802 Reviews"
79,"APPLE iPhone 8 (Gold, 256 GB)","₹77,000","256 GB ROM11.94 cm (4.7 inch) Retina HD Display12MP Rear Camera | 7MP Front CameraA11 Bionic Chip with 64-bit Architecture, Neural Engine, Embedded M11 Motion Coprocessor ProcessorBrand Warranty of 1 Year",4.5,"11,394 Ratings & 802 Reviews"
80,"APPLE iPhone 8 Plus (Silver, 64 GB)","₹49,900","64 GB ROM13.97 cm (5.5 inch) Retina HD Display12MP + 12MP | 7MP Front CameraA11 Bionic Chip with 64-bit Architecture, Neural Engine, Embedded M11 Motion Coprocessor ProcessorBrand Warranty of 1 Year",4.6,"3,443 Ratings & 355 Reviews"
81,"APPLE iPhone 8 Plus (Space Grey, 64 GB)","₹49,900","64 GB ROM13.97 cm (5.5 inch) Retina HD Display12MP + 12MP | 7MP Front CameraA11 Bionic Chip with 64-bit Architecture, Neural Engine, Embedded M11 Motion Coprocessor ProcessorBrand Warranty of 1 Year",4.6,"3,443 Ratings & 355 Reviews"
82,"APPLE iPhone 8 Plus (Space Grey, 256 GB)","₹84,900","256 GB ROM13.97 cm (5.5 inch) Retina HD Display12MP + 12MP | 7MP Front CameraA11 Bionic Chip with 64-bit Architecture, Neural Engine, Embedded M11 Motion Coprocessor ProcessorBrand Warranty of 1 Year",4.6,"3,443 Ratings & 355 Reviews"
83,"APPLE iPhone 8 Plus (Silver, 256 GB)","₹84,900","256 GB ROM13.97 cm (5.5 inch) Retina HD Display12MP + 12MP | 7MP Front CameraA11 Bionic Chip with 64-bit Architecture, Neural Engine, Embedded M11 Motion Coprocessor ProcessorBrand Warranty of 1 Year",4.6,"3,443 Ratings & 355 Reviews"
84,"APPLE iPhone 8 (Gold, 64 GB)","₹39,900","64 GB ROM11.94 cm (4.7 inch) Retina HD Display12MP Rear Camera | 7MP Front CameraA11 Bionic Chip with 64-bit Architecture, Neural Engine, Embedded M11 Motion Coprocessor ProcessoriOS 13 CompatibleBrand Warranty of 1 Year",4.5,"11,394 Ratings & 802 Reviews"
85,"APPLE iPhone 8 Plus (Gold, 64 GB)","₹49,900","64 GB ROM13.97 cm (5.5 inch) Retina HD Display12MP + 12MP | 7MP Front CameraA11 Bionic Chip with 64-bit Architecture, Neural Engine, Embedded M11 Motion Coprocessor ProcessorBrand Warranty of 1 Year",4.6,"3,443 Ratings & 355 Reviews"
86,"APPLE iPhone 6 (Gold, 32 GB)","₹30,780",32 GB ROM11.94 cm (4.7 inch) Retina HD Display8MP Rear Camera | 1.2MP Front CameraA8 Chip with 64-bit Architecture and M8 Motion Co-processorBrand Warranty of 1 Year,4.4,"1,45,607 Ratings & 16,198 Reviews"
87,"APPLE iPhone 7 Plus (Gold, 128 GB)","₹42,900",128 GB ROM13.94 cm (5.488 inch) Retina HD Display12MP + 12MP | 7MP Front CameraApple A10 Fusion 64-bit processor and Embedded M10 Motion Co-processorBrand Warranty of 1 Year,4.5,"29,851 Ratings & 2,991 Reviews"
88,"APPLE iPhone 6s Plus (Space Grey, 16 GB)","₹72,000",16 GB ROM13.97 cm (5.5 inch) Retina HD Display12MP Rear Camera | 5MP Front CameraApple A9 64-bit processor and Embedded M9 Motion Co-processorBrand Warranty of 1 Year,4.4,"18,839 Ratings & 2,367 Reviews"
89,"APPLE iPhone 6s Plus (Gold, 32 GB)","₹34,900",32 GB ROM13.97 cm (5.5 inch) Retina HD Display12MP Rear Camera | 5MP Front CameraApple A9 64-bit processor and Embedded M9 Motion Co-processorBrand Warranty of 1 Year,4.4,"18,839 Ratings & 2,367 Reviews"
90,"APPLE iPhone 6 (Space Grey, 16 GB)","₹52,000",16 GB ROM11.94 cm (4.7 inch) Retina HD Display8MP Rear Camera | 1.2MP Front CameraApple A8 64-bit processor and M8 Motion Co-processor1 Year Manufacturer Warranty,4.4,"1,45,607 Ratings & 16,198 Reviews"
91,"APPLE iPhone 15 Plus (Green, 128 GB)","₹82,999","128 GB ROM17.02 cm (6.7 inch) Super Retina XDR Display48MP + 12MP | 12MP Front CameraA16 Bionic Chip, 6 Core Processor Processor1 Year Warranty for Phone and 6 Months Warranty for In-Box Accessories",4.7,"1,186 Ratings & 133 Reviews"
92,"APPLE iPhone 13 (Blue, 128 GB)","₹52,999",128 GB ROM15.49 cm (6.1 inch) Super Retina XDR Display12MP + 12MP | 12MP Front CameraA15 Bionic Chip ProcessorBrand Warranty for 1 Year,4.6,"2,75,754 Ratings & 13,429 Reviews"
93,"APPLE iPhone 11 (White, 128 GB)","₹48,900",128 GB ROM15.49 cm (6.1 inch) Liquid Retina HD Display12MP + 12MP | 12MP Front CameraA13 Bionic Chip ProcessorBrand Warranty of 1 Year,4.6,"2,04,458 Ratings & 11,509 Reviews"
94,"APPLE iPhone 13 (Starlight, 256 GB)","₹62,999",256 GB ROM15.49 cm (6.1 inch) Super Retina XDR Display12MP + 12MP | 12MP Front CameraA15 Bionic Chip ProcessorBrand Warranty for 1 Year,4.6,"2,75,754 Ratings & 13,429 Reviews"
95,"APPLE iPhone 13 (Midnight, 128 GB)","₹52,999",128 GB ROM15.49 cm (6.1 inch) Super Retina XDR Display12MP + 12MP | 12MP Front CameraA15 Bionic Chip ProcessorBrand Warranty for 1 Year,4.6,"2,75,754 Ratings & 13,429 Reviews"
96,"APPLE iPhone 13 (Midnight, 256 GB)","₹62,999",256 GB ROM15.49 cm (6.1 inch) Super Retina XDR Display12MP + 12MP | 12MP Front CameraA15 Bionic Chip ProcessorBrand Warranty for 1 Year,4.6,"2,75,754 Ratings & 13,429 Reviews"
97,"APPLE iPhone 15 Plus (Blue, 512 GB)","₹1,12,999","512 GB ROM17.02 cm (6.7 inch) Super Retina XDR Display48MP + 12MP | 12MP Front CameraA16 Bionic Chip, 6 Core Processor Processor1 Year Warranty for Phone and 6 Months Warranty for In-Box Accessories",4.7,"1,186 Ratings & 133 Reviews"
98,"APPLE iPhone 13 (Starlight, 128 GB)","₹52,999",128 GB ROM15.49 cm (6.1 inch) Super Retina XDR Display12MP + 12MP | 12MP Front CameraA15 Bionic Chip ProcessorBrand Warranty for 1 Year,4.6,"2,75,754 Ratings & 13,429 Reviews"
99,"APPLE iPhone 12 (Purple, 64 GB)","₹43,999","64 GB ROM15.49 cm (6.1 inch) Super Retina XDR Display12MP + 12MP | 12MP Front CameraA14 Bionic Chip with Next Generation Neural Engine ProcessorCeramic ShieldIndustry-leading IP68 Water ResistanceAll Screen OLED Display12MP TrueDepth Front Camera with Night Mode, 4K Dolby Vision HDR RecordingBrand Warranty for 1 Year",4.6,"2,06,817 Ratings & 13,726 Reviews"
100,"APPLE iPhone 13 Pro (Gold, 512 GB)","₹1,49,900",512 GB ROM15.49 cm (6.1 inch) Super Retina XDR Display12MP + 12MP + 12MP | 12MP Front CameraA15 Bionic Chip ProcessorBrand Warranty for 1 Year,4.7,"1,587 Ratings & 126 Reviews"
101,"APPLE iPhone 14 (Yellow, 512 GB)","₹88,999","512 GB ROM15.49 cm (6.1 inch) Super Retina XDR Display12MP + 12MP | 12MP Front CameraA15 Bionic Chip, 6 Core Processor Processor1 Year Warranty for Phone and 6 Months Warranty for In-Box Accessories",4.6,"2,60,599 Ratings & 10,164 Reviews"
102,"APPLE iPhone 13 (Pink, 256 GB)","₹62,999",256 GB ROM15.49 cm (6.1 inch) Super Retina XDR Display12MP + 12MP | 12MP Front CameraA15 Bionic Chip ProcessorBrand Warranty for 1 Year,4.6,"2,75,754 Ratings & 13,429 Reviews"
103,"APPLE iPhone 11 (Black, 128 GB)","₹48,900",128 GB ROM15.49 cm (6.1 inch) Liquid Retina HD Display12MP + 12MP | 12MP Front CameraA13 Bionic Chip ProcessorBrand Warranty of 1 Year,4.6,"2,04,458 Ratings & 11,509 Reviews"
104,"APPLE iPhone 15 Plus (Yellow, 256 GB)","₹92,999","256 GB ROM17.02 cm (6.7 inch) Super Retina XDR Display48MP + 12MP | 12MP Front CameraA16 Bionic Chip, 6 Core Processor Processor1 Year Warranty for Phone and 6 Months Warranty for In-Box Accessories",4.7,"1,186 Ratings & 133 Reviews"
105,"APPLE iPhone 13 Pro Max (Silver, 1 TB)","₹1,79,900",1 TB ROM17.02 cm (6.7 inch) Super Retina XDR Display12MP + 12MP + 12MP | 12MP Front CameraA15 Bionic Chip ProcessorBrand Warranty for 1 Year,4.6,"2,053 Ratings & 199 Reviews"
106,"APPLE iPhone 12 (Green, 128 GB)","₹49,999","128 GB ROM15.49 cm (6.1 inch) Super Retina XDR Display12MP + 12MP | 12MP Front CameraA14 Bionic Chip with Next Generation Neural Engine ProcessorCeramic ShieldIndustry-leading IP68 Water ResistanceAll Screen OLED Display12MP TrueDepth Front Camera with Night Mode, 4K Dolby Vision HDR RecordingBrand Warranty for 1 Year",4.6,"2,06,817 Ratings & 13,726 Reviews"
107,"APPLE iPhone 14 ((PRODUCT)RED, 128 GB)","₹59,999","128 GB ROM15.49 cm (6.1 inch) Super Retina XDR Display12MP + 12MP | 12MP Front CameraA15 Bionic Chip, 6 Core Processor Processor1 Year Warranty for Phone and 6 Months Warranty for In-Box Accessories",4.6,"2,60,599 Ratings & 10,164 Reviews"
108,"APPLE iPhone 13 Pro (Silver, 1 TB)","₹1,69,900",1 TB ROM15.49 cm (6.1 inch) Super Retina XDR Display12MP + 12MP + 12MP | 12MP Front CameraA15 Bionic Chip ProcessorBrand Warranty for 1 Year,4.7,"1,587 Ratings & 126 Reviews"
109,"APPLE iPhone XR (Coral, 64 GB)","₹47,900",64 GB ROM15.49 cm (6.1 inch) Display12MP Rear Camera | 7MP Front CameraA12 Bionic Chip ProcessorBrand Warranty of 1 Year,4.6,"1,01,049 Ratings & 8,541 Reviews"
110,"APPLE iPhone 12 (Black, 128 GB)","₹49,999","128 GB ROM15.49 cm (6.1 inch) Super Retina XDR Display12MP + 12MP | 12MP Front CameraA14 Bionic Chip with Next Generation Neural Engine ProcessorCeramic ShieldIndustry-leading IP68 Water ResistanceAll Screen OLED Display12MP TrueDepth Front Camera with Night Mode, 4K Dolby Vision HDR RecordingBrand Warranty for 1 Year",4.6,"2,06,817 Ratings & 13,726 Reviews"
111,"APPLE iPhone 13 Pro (Sierra Blue, 1 TB)","₹1,69,900",1 TB ROM15.49 cm (6.1 inch) Super Retina XDR Display12MP + 12MP + 12MP | 12MP Front CameraA15 Bionic Chip ProcessorBrand Warranty for 1 Year,4.7,"1,587 Ratings & 126 Reviews"
112,"APPLE iPhone 13 Pro Max (Graphite, 512 GB)","₹1,59,900",512 GB ROM17.02 cm (6.7 inch) Super Retina XDR Display12MP + 12MP + 12MP | 12MP Front CameraA15 Bionic Chip ProcessorBrand Warranty for 1 Year,4.6,"2,053 Ratings & 199 Reviews"
113,"APPLE iPhone 13 (Green, 128 GB)","₹52,999",128 GB ROM15.49 cm (6.1 inch) Super Retina XDR Display12MP + 12MP | 12MP Front CameraA15 Bionic Chip ProcessorBrand Warranty for 1 Year,4.6,"2,75,754 Ratings & 13,429 Reviews"
114,"APPLE iPhone 14 Plus (Yellow, 512 GB)","₹96,999","512 GB ROM17.02 cm (6.7 inch) Super Retina XDR Display12MP + 12MP | 12MP Front CameraA15 Bionic Chip, 6 Core Processor Processor1 Year Warranty for Phone and 6 Months Warranty for In-Box Accessories",4.6,"58,235 Ratings & 3,417 Reviews"
115,"APPLE iPhone 11 (Purple, 64 GB)","₹43,900",64 GB ROM15.49 cm (6.1 inch) Liquid Retina HD Display12MP + 12MP | 12MP Front CameraA13 Bionic Chip ProcessorBrand Warranty of 1 Year,4.6,"2,04,458 Ratings & 11,509 Reviews"
116,"APPLE iPhone 13 (Green, 256 GB)","₹62,999",256 GB ROM15.49 cm (6.1 inch) Super Retina XDR Display12MP + 12MP | 12MP Front CameraA15 Bionic Chip ProcessorBrand Warranty for 1 Year,4.6,"2,75,754 Ratings & 13,429 Reviews"
117,"APPLE iPhone 15 Pro Max (Blue Titanium, 512 GB)","₹1,76,900","512 GB ROM17.02 cm (6.7 inch) Super Retina XDR Display48MP + 12MP + 12MP | 12MP Front CameraA17 Pro Chip, 6 Core Processor Processor1 Year Warranty for Phone and 6 Months Warranty for In-Box Accessories",4.7,284 Ratings & 25 Reviews
118,"APPLE iPhone 13 (Pink, 512 GB)","₹82,999",512 GB ROM15.49 cm (6.1 inch) Super Retina XDR Display12MP + 12MP | 12MP Front CameraA15 Bionic Chip ProcessorBrand Warranty for 1 Year,4.6,"2,75,754 Ratings & 13,429 Reviews"
119,"APPLE iPhone 14 Plus (Blue, 256 GB)","₹76,999","256 GB ROM17.02 cm (6.7 inch) Super Retina XDR Display12MP + 12MP | 12MP Front CameraA15 Bionic Chip, 6 Core Processor Processor1 Year Warranty for Phone and 6 Months Warranty for In-Box Accessories",4.6,"58,235 Ratings & 3,417 Reviews"
120,"APPLE iPhone 15 Plus (Black, 512 GB)","₹1,12,999","512 GB ROM17.02 cm (6.7 inch) Super Retina XDR Display48MP + 12MP | 12MP Front CameraA16 Bionic Chip, 6 Core Processor Processor1 Year Warranty for Phone and 6 Months Warranty for In-Box Accessories",4.7,"1,186 Ratings & 133 Reviews"
121,"APPLE iPhone SE 3rd Gen (Product (Red), 64 GB)","₹49,900","64 GB ROM11.94 cm (4.7 inch) Retina HD Display12MP Rear Camera | 7MP Front CameraA15 Bionic Chip, 6 Core Processor ProcessorBrand Warranty of 1 Year",4.4,"1,348 Ratings & 134 Reviews"
122,"APPLE iPhone 13 Pro Max (Alpine Green, 256 GB)","₹1,39,900",256 GB ROM17.02 cm (6.7 inch) Super Retina XDR Display12MP + 12MP + 12MP | 12MP Front CameraA15 Bionic Chip ProcessorBrand Warranty for 1 Year,4.6,"2,053 Ratings & 199 Reviews"
123,"APPLE iPhone 14 Pro Max (Silver, 1 TB)","₹1,77,999","1 TB ROM17.02 cm (6.7 inch) Super Retina XDR Display48MP + 12MP + 12MP | 12MP Front CameraA16 Bionic Chip, 6 Core Processor Processor1 Year Warranty for Phone and 6 Months Warranty for In-Box Accessories",4.6,"2,338 Ratings & 171 Reviews"
124,"APPLE iPhone 13 Pro (Gold, 256 GB)","₹1,29,900",256 GB ROM15.49 cm (6.1 inch) Super Retina XDR Display12MP + 12MP + 12MP | 12MP Front CameraA15 Bionic Chip ProcessorBrand Warranty for 1 Year,4.7,"1,587 Ratings & 126 Reviews"
125,"APPLE iPhone 13 mini (Blue, 256 GB)","₹74,900",256 GB ROM13.72 cm (5.4 inch) Super Retina XDR Display12MP + 12MP | 12MP Front CameraA15 Bionic Chip ProcessorBrand Warranty for 1 Year,4.5,"3,772 Ratings & 329 Reviews"
126,"APPLE iPhone 14 Plus (Purple, 256 GB)","₹76,999","256 GB ROM17.02 cm (6.7 inch) Super Retina XDR Display12MP + 12MP | 12MP Front CameraA15 Bionic Chip, 6 Core Processor Processor1 Year Warranty for Phone and 6 Months Warranty for In-Box Accessories",4.6,"58,235 Ratings & 3,417 Reviews"
127,"APPLE iPhone 15 Plus (Green, 256 GB)","₹92,999","256 GB ROM17.02 cm (6.7 inch) Super Retina XDR Display48MP + 12MP | 12MP Front CameraA16 Bionic Chip, 6 Core Processor Processor1 Year Warranty for Phone and 6 Months Warranty for In-Box Accessories",4.7,"1,186 Ratings & 133 Reviews"
128,"APPLE iPhone 15 Plus (Black, 256 GB)","₹92,999","256 GB ROM17.02 cm (6.7 inch) Super Retina XDR Display48MP + 12MP | 12MP Front CameraA16 Bionic Chip, 6 Core Processor Processor1 Year Warranty for Phone and 6 Months Warranty for In-Box Accessories",4.7,"1,186 Ratings & 133 Reviews"
129,"APPLE iPhone 14 Plus (Purple, 512 GB)","₹96,999","512 GB ROM17.02 cm (6.7 inch) Super Retina XDR Display12MP + 12MP | 12MP Front CameraA15 Bionic Chip, 6 Core Processor Processor1 Year Warranty for Phone and 6 Months Warranty for In-Box Accessories",4.6,"58,235 Ratings & 3,417 Reviews"
130,"APPLE iPhone 13 Pro Max (Gold, 256 GB)","₹1,39,900",256 GB ROM17.02 cm (6.7 inch) Super Retina XDR Display12MP + 12MP + 12MP | 12MP Front CameraA15 Bionic Chip ProcessorBrand Warranty for 1 Year,4.6,"2,053 Ratings & 199 Reviews"
131,"APPLE iPhone 12 (Purple, 128 GB)","₹49,999","128 GB ROM15.49 cm (6.1 inch) Super Retina XDR Display12MP + 12MP | 12MP Front CameraA14 Bionic Chip with Next Generation Neural Engine ProcessorCeramic ShieldIndustry-leading IP68 Water ResistanceAll Screen OLED Display12MP TrueDepth Front Camera with Night Mode, 4K Dolby Vision HDR RecordingBrand Warranty for 1 Year",4.6,"2,06,817 Ratings & 13,726 Reviews"
132,"APPLE iPhone 11 (Green, 64 GB)","₹43,900",64 GB ROM15.49 cm (6.1 inch) Liquid Retina HD Display12MP + 12MP | 12MP Front CameraA13 Bionic Chip ProcessorBrand Warranty of 1 Year,4.6,"2,04,458 Ratings & 11,509 Reviews"
133,"APPLE iPhone 12 mini (White, 128 GB)","₹64,900","128 GB ROM13.72 cm (5.4 inch) Super Retina XDR Display12MP + 12MP | 12MP Front CameraA14 Bionic Chip with Next Generation Neural Engine ProcessorCeramic ShieldIndustry-leading IP68 Water ResistanceAll Screen OLED Display12MP TrueDepth Front Camera with Night Mode, 4K Dolby Vision HDR RecordingBrand Warranty for 1 Year",4.5,"1,30,293 Ratings & 10,296 Reviews"
134,"APPLE iPhone 12 (Red, 64 GB)","₹43,999","64 GB ROM15.49 cm (6.1 inch) Super Retina XDR Display12MP + 12MP | 12MP Front CameraA14 Bionic Chip with Next Generation Neural Engine ProcessorCeramic ShieldIndustry-leading IP68 Water ResistanceAll Screen OLED Display12MP TrueDepth Front Camera with Night Mode, 4K Dolby Vision HDR RecordingBrand Warranty for 1 Year",4.6,"2,06,817 Ratings & 13,726 Reviews"
135,"APPLE iPhone 15 (Green, 256 GB)","₹82,999","256 GB ROM15.49 cm (6.1 inch) Super Retina XDR Display48MP + 12MP | 12MP Front CameraA16 Bionic Chip, 6 Core Processor Processor1 Year Warranty for Phone and 6 Months Warranty for In-Box Accessories",4.6,"2,659 Ratings & 207 Reviews"
136,"APPLE iPhone 14 Plus (Yellow, 256 GB)","₹76,999","256 GB ROM17.02 cm (6.7 inch) Super Retina XDR Display12MP + 12MP | 12MP Front CameraA15 Bionic Chip, 6 Core Processor Processor1 Year Warranty for Phone and 6 Months Warranty for In-Box Accessories",4.6,"58,235 Ratings & 3,417 Reviews"
137,"APPLE iPhone SE 3rd Gen (Starlight, 128 GB)","₹54,900","128 GB ROM11.94 cm (4.7 inch) Retina HD Display12MP Rear Camera | 7MP Front CameraA15 Bionic Chip, 6 Core Processor ProcessorBrand Warranty of 1 Year",4.4,"1,348 Ratings & 134 Reviews"
138,"APPLE iPhone 12 (Red, 128 GB)","₹49,999","128 GB ROM15.49 cm (6.1 inch) Super Retina XDR Display12MP + 12MP | 12MP Front CameraA14 Bionic Chip with Next Generation Neural Engine ProcessorCeramic ShieldIndustry-leading IP68 Water ResistanceAll Screen OLED Display12MP TrueDepth Front Camera with Night Mode, 4K Dolby Vision HDR RecordingBrand Warranty for 1 Year",4.6,"2,06,817 Ratings & 13,726 Reviews"
139,"APPLE iPhone 14 Pro Max (Gold, 128 GB)","₹1,34,900","128 GB ROM17.02 cm (6.7 inch) Super Retina XDR Display48MP + 12MP + 12MP | 12MP Front CameraA16 Bionic Chip, 6 Core Processor Processor1 Year Warranty for Phone and 6 Months Warranty for In-Box Accessories",4.6,"2,338 Ratings & 171 Reviews"
140,"APPLE iPhone 14 Pro Max (Space Black, 1 TB)","₹1,77,999","1 TB ROM17.02 cm (6.7 inch) Super Retina XDR Display48MP + 12MP + 12MP | 12MP Front CameraA16 Bionic Chip, 6 Core Processor Processor1 Year Warranty for Phone and 6 Months Warranty for In-Box Accessories",4.6,"2,338 Ratings & 171 Reviews"
141,"APPLE iPhone 11 Pro Max (Gold, 64 GB)","₹1,17,100",64 GB ROM16.51 cm (6.5 inch) Super Retina XDR Display12MP + 12MP + 12MP | 12MP Front CameraA13 Bionic Chip ProcessorBrand Warranty for 1 Year,4.7,"1,103 Ratings & 100 Reviews"
142,"APPLE iPhone 14 ((PRODUCT)RED, 256 GB)","₹68,999","256 GB ROM15.49 cm (6.1 inch) Super Retina XDR Display12MP + 12MP | 12MP Front CameraA15 Bionic Chip, 6 Core Processor Processor1 Year Warranty for Phone and 6 Months Warranty for In-Box Accessories",4.6,"2,60,599 Ratings & 10,164 Reviews"
143,"APPLE iPhone XR (Black, 128 GB)","₹52,900","128 GB ROM15.49 cm (6.1 inch) Display12MP Rear Camera | 7MP Front CameraA12 Bionic Chip ProcessorWater and Dust Resistant (1 meter for Upto 30 minutes, IP67)Face ID for Secure AuthenticationFast-charge CapableBrand Warranty of 1 Year",4.6,"1,01,049 Ratings & 8,541 Reviews"
144,"APPLE iPhone 14 Plus (Midnight, 512 GB)","₹96,999","512 GB ROM17.02 cm (6.7 inch) Super Retina XDR Display12MP + 12MP | 12MP Front CameraA15 Bionic Chip, 6 Core Processor Processor1 Year Warranty for Phone and 6 Months Warranty for In-Box Accessories",4.6,"58,235 Ratings & 3,417 Reviews"
145,"APPLE iPhone SE (Black, 64 GB)","₹39,900","64 GB ROM11.94 cm (4.7 inch) Retina HD Display12MP Rear Camera | 7MP Front CameraA13 Bionic Chip with 3rd Gen Neural Engine ProcessorWater and Dust Resistant (1 meter for Upto 30 minutes, IP67)Fast Charge CapableWireless charging (Works with Qi Chargers | Qi Chargers are Sold SeparatelyBrand Warranty of 1 Year",4.5,"1,54,784 Ratings & 12,075 Reviews"
146,"APPLE iPhone 13 mini (Green, 512 GB)","₹94,900",512 GB ROM13.72 cm (5.4 inch) Super Retina XDR Display12MP + 12MP | 12MP Front CameraA15 Bionic Chip ProcessorBrand Warranty for 1 Year,4.5,"3,772 Ratings & 329 Reviews"
147,"APPLE iPhone 14 Plus (Blue, 512 GB)","₹96,999","512 GB ROM17.02 cm (6.7 inch) Super Retina XDR Display12MP + 12MP | 12MP Front CameraA15 Bionic Chip, 6 Core Processor Processor1 Year Warranty for Phone and 6 Months Warranty for In-Box Accessories",4.6,"58,235 Ratings & 3,417 Reviews"
148,"APPLE iPhone 14 Plus (Midnight, 256 GB)","₹76,999","256 GB ROM17.02 cm (6.7 inch) Super Retina XDR Display12MP + 12MP | 12MP Front CameraA15 Bionic Chip, 6 Core Processor Processor1 Year Warranty for Phone and 6 Months Warranty for In-Box Accessories",4.6,"58,235 Ratings & 3,417 Reviews"
149,"APPLE iPhone 15 Plus (Blue, 256 GB)","₹92,999","256 GB ROM17.02 cm (6.7 inch) Super Retina XDR Display48MP + 12MP | 12MP Front CameraA16 Bionic Chip, 6 Core Processor Processor1 Year Warranty for Phone and 6 Months Warranty for In-Box Accessories",4.7,"1,186 Ratings & 133 Reviews"
150,"APPLE iPhone 12 mini (Green, 64 GB)","₹59,900","64 GB ROM13.72 cm (5.4 inch) Super Retina XDR Display12MP + 12MP | 12MP Front CameraA14 Bionic Chip with Next Generation Neural Engine ProcessorCeramic ShieldIndustry-leading IP68 Water ResistanceAll Screen OLED Display12MP TrueDepth Front Camera with Night Mode, 4K Dolby Vision HDR RecordingBrand Warranty for 1 Year",4.5,"1,30,293 Ratings & 10,296 Reviews"
151,"APPLE iPhone 14 Plus ((PRODUCT)RED, 128 GB)","₹66,999","128 GB ROM17.02 cm (6.7 inch) Super Retina XDR Display12MP + 12MP | 12MP Front CameraA15 Bionic Chip, 6 Core Processor Processor1 Year Warranty for Phone and 6 Months Warranty for In-Box Accessories",4.6,"58,235 Ratings & 3,417 Reviews"
152,"APPLE iPhone SE 3rd Gen (Product (Red), 128 GB)","₹54,900","128 GB ROM11.94 cm (4.7 inch) Retina HD Display12MP Rear Camera | 7MP Front CameraA15 Bionic Chip, 6 Core Processor ProcessorBrand Warranty of 1 Year",4.4,"1,348 Ratings & 134 Reviews"
153,"APPLE iPhone 14 Plus (Starlight, 256 GB)","₹76,999","256 GB ROM17.02 cm (6.7 inch) Super Retina XDR Display12MP + 12MP | 12MP Front CameraA15 Bionic Chip, 6 Core Processor Processor1 Year Warranty for Phone and 6 Months Warranty for In-Box Accessories",4.6,"58,235 Ratings & 3,417 Reviews"
154,"APPLE iPhone 14 Pro (Space Black, 128 GB)","₹1,19,900","128 GB ROM15.49 cm (6.1 inch) Super Retina XDR Display48MP + 12MP + 12MP | 12MP Front CameraA16 Bionic Chip, 6 Core Processor Processor1 Year Warranty for Phone and 6 Months Warranty for In-Box Accessories",4.6,"2,117 Ratings & 152 Reviews"
155,"APPLE iPhone 12 Pro Max (Graphite, 256 GB)","₹1,29,900","256 GB ROM17.02 cm (6.7 inch) Super Retina XDR Display12MP + 12MP + 12MP | 12MP Front CameraA14 Bionic Chip with Next Generation Neural Engine ProcessorCeramic Shield | Industry-leading IP68 Water ResistanceAll Screen OLED DisplayLiDAR Scanner for Improved AR Experiences, Night Mode PortraitsBrand Warranty for 1 Year",4.5,"1,272 Ratings & 102 Reviews"
156,"APPLE iPhone 12 mini (Purple, 64 GB)","₹59,900",64 GB ROM13.72 cm (5.4 inch) Super Retina XDR Display12MP + 12MP | 12MP Front CameraA14 Bionic Chip with Next Generation Neural Engine ProcessorCeramic ShieldIP68 Water ResistanceAll Screen OLED DisplayBrand Warranty for 1 Year,4.5,"1,30,293 Ratings & 10,296 Reviews"
157,"APPLE iPhone 12 mini (Blue, 128 GB)","₹64,900","128 GB ROM13.72 cm (5.4 inch) Super Retina XDR Display12MP + 12MP | 12MP Front CameraA14 Bionic Chip with Next Generation Neural Engine ProcessorCeramic ShieldIndustry-leading IP68 Water ResistanceAll Screen OLED Display12MP TrueDepth Front Camera with Night Mode, 4K Dolby Vision HDR RecordingBrand Warranty for 1 Year",4.5,"1,30,293 Ratings & 10,296 Reviews"
158,"APPLE iPhone 14 Pro Max (Deep Purple, 128 GB)","₹1,34,900","128 GB ROM17.02 cm (6.7 inch) Super Retina XDR Display48MP + 12MP + 12MP | 12MP Front CameraA16 Bionic Chip, 6 Core Processor Processor1 Year Warranty for Phone and 6 Months Warranty for In-Box Accessories",4.6,"2,338 Ratings & 171 Reviews"
159,"APPLE iPhone 12 mini (White, 64 GB)","₹59,900","64 GB ROM13.72 cm (5.4 inch) Super Retina XDR Display12MP + 12MP | 12MP Front CameraA14 Bionic Chip with Next Generation Neural Engine ProcessorCeramic ShieldIndustry-leading IP68 Water ResistanceAll Screen OLED Display12MP TrueDepth Front Camera with Night Mode, 4K Dolby Vision HDR RecordingBrand Warranty for 1 Year",4.5,"1,30,293 Ratings & 10,296 Reviews"
160,"APPLE iPhone 12 mini (Blue, 64 GB)","₹59,900","64 GB ROM13.72 cm (5.4 inch) Super Retina XDR Display12MP + 12MP | 12MP Front CameraA14 Bionic Chip with Next Generation Neural Engine ProcessorCeramic ShieldIndustry-leading IP68 Water ResistanceAll Screen OLED Display12MP TrueDepth Front Camera with Night Mode, 4K Dolby Vision HDR RecordingBrand Warranty for 1 Year",4.5,"1,30,293 Ratings & 10,296 Reviews"
161,"APPLE iPhone 5C (White, 32 GB)","₹53,500",32 GB ROM10.16 cm (4 inch) Retina Display8MP Rear Camera | 1.2MP Front CameraA6 Chip Processor1 Year Manufacturer Warranty,3.9,"1,327 Ratings & 265 Reviews"
162,"APPLE iPhone 5C (Blue, 16 GB)","₹41,900",16 GB ROM10.16 cm (4 inch) Retina Display8MP Rear Camera | 1.2MP Front CameraA6 Chip Processor1 Year Manufacturer Warranty,3.9,"1,327 Ratings & 265 Reviews"
163,"APPLE iPhone 5C (White, 8 GB)","₹14,999",8 GB ROM10.16 cm (4 inch) Retina Display8MP Rear Camera | 1.2MP Front CameraA6 Chip Processor1 Year Manufacturer Warranty,3.9,"1,327 Ratings & 265 Reviews"
164,"APPLE iPhone 5C (Blue, 8 GB)","₹14,999",8 GB ROM10.16 cm (4 inch) Retina Display8MP Rear Camera | 1.2MP Front CameraA6 Chip Processor1 Year Manufacturer Warranty,3.9,"1,327 Ratings & 265 Reviews"
165,"APPLE iPhone 5C (Green, 16 GB)","₹41,900",16 GB ROM10.16 cm (4 inch) Retina Display8MP Rear Camera | 1.2MP Front CameraA6 Chip Processor1 Year Manufacturer Warranty,3.9,"1,327 Ratings & 265 Reviews"
166,"APPLE iPhone 5s (Gold, 16 GB)","₹14,999",16 GB ROM10.16 cm (4 inch) Retina Display8MP Rear Camera | 1.2MP Front CameraApple A7 64-bit processor and M7 Motion Co-processor1 Year for Mobile & Accessories,4.4,"62,791 Ratings & 7,329 Reviews"
167,"APPLE iPhone 13 Pro (Gold, 1 TB)","₹1,69,900",1 TB ROM15.49 cm (6.1 inch) Super Retina XDR Display12MP + 12MP + 12MP | 12MP Front CameraA15 Bionic Chip ProcessorBrand Warranty for 1 Year,4.7,"1,587 Ratings & 126 Reviews"
168,"APPLE iPhone 13 Pro (Alpine Green, 1 TB)","₹1,69,900",1 TB ROM15.49 cm (6.1 inch) Super Retina XDR Display12MP + 12MP + 12MP | 12MP Front CameraA15 Bionic Chip ProcessorBrand Warranty for 1 Year,4.7,"1,587 Ratings & 126 Reviews"
169,"APPLE iPhone 13 Pro (Sierra Blue, 512 GB)","₹1,49,900",512 GB ROM15.49 cm (6.1 inch) Super Retina XDR Display12MP + 12MP + 12MP | 12MP Front CameraA15 Bionic Chip ProcessorBrand Warranty for 1 Year,4.7,"1,587 Ratings & 126 Reviews"
170,"Apple iPhone XR (Coral, 256 GB) (Includes EarPods, Power Adapter)","₹91,900",256 GB ROM15.49 cm (6.1 inch) Display12MP Rear Camera | 7MP Front CameraA12 Bionic Chip ProcessorBrand Warranty of 1 Year,4.6,"1,01,049 Ratings & 8,541 Reviews"
171,"APPLE iPhone 11 Pro (Silver, 512 GB)","₹1,40,300",512 GB ROM14.73 cm (5.8 inch) Super Retina XDR Display12MP + 12MP + 12MP | 12MP Front CameraA13 Bionic Chip ProcessorBrand Warranty for 1 Year,4.6,"8,696 Ratings & 630 Reviews"
172,"APPLE iPhone 7 Plus (Gold, 256 GB)","₹85,400",256 GB ROM13.97 cm (5.5 inch) Retina HD Display12MP + 12MP | 7MP Front CameraA10 Fusion Chip with 64-bit Architecture and Embedded M10 Motion Co-processorBrand Warranty of 1 Year,4.5,"29,851 Ratings & 2,991 Reviews"
173,"APPLE iPhone 13 Pro Max (Gold, 512 GB)","₹1,59,900",512 GB ROM17.02 cm (6.7 inch) Super Retina XDR Display12MP + 12MP + 12MP | 12MP Front CameraA15 Bionic Chip ProcessorBrand Warranty for 1 Year,4.6,"2,053 Ratings & 199 Reviews"
174,"APPLE iPhone 14 Plus ((PRODUCT)RED, 512 GB)","₹96,999","512 GB ROM17.02 cm (6.7 inch) Super Retina XDR Display12MP + 12MP | 12MP Front CameraA15 Bionic Chip, 6 Core Processor Processor1 Year Warranty for Phone and 6 Months Warranty for In-Box Accessories",4.6,"58,235 Ratings & 3,417 Reviews"
175,"APPLE iPhone 13 Pro Max (Sierra Blue, 512 GB)","₹1,59,900",512 GB ROM17.02 cm (6.7 inch) Super Retina XDR Display12MP + 12MP + 12MP | 12MP Front CameraA15 Bionic Chip ProcessorBrand Warranty for 1 Year,4.6,"2,053 Ratings & 199 Reviews"
176,"APPLE iPhone 13 Pro (Alpine Green, 512 GB)","₹1,49,900",512 GB ROM15.49 cm (6.1 inch) Super Retina XDR Display12MP + 12MP + 12MP | 12MP Front CameraA15 Bionic Chip ProcessorBrand Warranty for 1 Year,4.7,"1,587 Ratings & 126 Reviews"
177,"APPLE iPhone 13 mini (Midnight, 256 GB)","₹74,900",256 GB ROM13.72 cm (5.4 inch) Super Retina XDR Display12MP + 12MP | 12MP Front CameraA15 Bionic Chip ProcessorBrand Warranty for 1 Year,4.5,"3,772 Ratings & 329 Reviews"
178,"APPLE iPhone 11 Pro (Space Grey, 512 GB)","₹1,40,300",512 GB ROM14.73 cm (5.8 inch) Super Retina XDR Display12MP + 12MP + 12MP | 12MP Front CameraA13 Bionic Chip ProcessorBrand Warranty for 1 Year,4.6,"8,696 Ratings & 630 Reviews"
179,"APPLE iPhone 13 Pro (Graphite, 512 GB)","₹1,49,900",512 GB ROM15.49 cm (6.1 inch) Super Retina XDR Display12MP + 12MP + 12MP | 12MP Front CameraA15 Bionic Chip ProcessorBrand Warranty for 1 Year,4.7,"1,587 Ratings & 126 Reviews"
180,"APPLE iPhone 13 Pro Max (Silver, 512 GB)","₹1,59,900",512 GB ROM17.02 cm (6.7 inch) Super Retina XDR Display12MP + 12MP + 12MP | 12MP Front CameraA15 Bionic Chip ProcessorBrand Warranty for 1 Year,4.6,"2,053 Ratings & 199 Reviews"
181,"APPLE iPhone 7 (Silver, 128 GB)","₹34,900",128 GB ROM11.94 cm (4.7 inch) Retina HD Display12MP Rear Camera | 7MP Front CameraApple A10 Fusion 64-bit processor and Embedded M10 Motion Co-processorBrand Warranty of 1 Year,4.5,"95,195 Ratings & 9,180 Reviews"
182,"APPLE iPhone 6s (Rose Gold, 128 GB)","₹55,999",128 GB ROM11.94 cm (4.7 inch) Retina HD Display12MP Rear Camera | 5MP Front CameraA9 Chip with 64-bit Architecture and M9 Motion Co-processorBrand Warranty of 1 Year,4.5,"93,138 Ratings & 9,221 Reviews"
183,"APPLE iPhone 7 Plus (Silver, 128 GB)","₹42,900",128 GB ROM13.94 cm (5.488 inch) Retina HD Display12MP + 12MP | 7MP Front CameraApple A10 Fusion 64-bit processor and Embedded M10 Motion Co-processorBrand Warranty of 1 Year,4.5,"29,851 Ratings & 2,991 Reviews"
184,"APPLE iPhone 6s (Space Grey, 64 GB)","₹49,999",64 GB ROM11.94 cm (4.7 inch) Retina HD Display12MP Rear Camera | 5MP Front CameraA9 Chip with 64-bit Architecture and M9 Motion Co-processorBrand Warranty of 1 Year,4.5,"93,138 Ratings & 9,221 Reviews"
185,"APPLE iPhone 7 Plus (Rose Gold, 256 GB)","₹85,400",256 GB ROM13.97 cm (5.5 inch) Retina HD Display12MP + 12MP | 7MP Front CameraApple A10 Fusion 64-bit processor and Embedded M10 Motion Co-processorBrand Warranty of 1 Year,4.5,"29,851 Ratings & 2,991 Reviews"
186,"APPLE iPhone 13 Pro Max (Sierra Blue, 256 GB)","₹1,39,900",256 GB ROM17.02 cm (6.7 inch) Super Retina XDR Display12MP + 12MP + 12MP | 12MP Front CameraA15 Bionic Chip ProcessorBrand Warranty for 1 Year,4.6,"2,053 Ratings & 199 Reviews"
187,"Apple iPhone XR (Blue, 128 GB) (Includes EarPods, Power Adapter)","₹52,900",128 GB ROM15.49 cm (6.1 inch) Display12MP Rear Camera | 7MP Front CameraA12 Bionic Chip ProcessoriOS 13 CompatibleBrand Warranty of 1 Year,4.6,"1,01,049 Ratings & 8,541 Reviews"
188,"APPLE iPhone 7 (Silver, 256 GB)","₹74,400",256 GB ROM11.94 cm (4.7 inch) Retina HD Display12MP Rear Camera | 7MP Front CameraA10 Fusion Chip with 64-bit Architecture and Embedded M10 Motion Co-processorBrand Warranty of 1 Year,4.5,"95,195 Ratings & 9,180 Reviews"
189,"APPLE iPhone 6s Plus (Space Grey, 64 GB)","₹59,999",64 GB ROM13.97 cm (5.5 inch) Retina HD Display12MP Rear Camera | 5MP Front CameraA9 Chip with 64-bit Architecture and M9 Motion Co-processorBrand Warranty of 1 Year,4.4,"18,839 Ratings & 2,367 Reviews"
190,"Apple iPhone XR (Coral, 64 GB) (Includes EarPods, Power Adapter)","₹47,900",64 GB ROM15.49 cm (6.1 inch) Display12MP Rear Camera | 7MP Front CameraA12 Bionic Chip ProcessoriOS 13 CompatibleBrand Warranty of 1 Year,4.6,"1,01,049 Ratings & 8,541 Reviews"
191,"APPLE iPhone 13 Pro Max (Alpine Green, 512 GB)","₹1,59,900",512 GB ROM17.02 cm (6.7 inch) Super Retina XDR Display12MP + 12MP + 12MP | 12MP Front CameraA15 Bionic Chip ProcessorBrand Warranty for 1 Year,4.6,"2,053 Ratings & 199 Reviews"
192,"APPLE iPhone 11 Pro (Gold, 512 GB)","₹1,40,300",512 GB ROM14.73 cm (5.8 inch) Super Retina XDR Display12MP + 12MP + 12MP | 12MP Front CameraA13 Bionic Chip ProcessorBrand Warranty for 1 Year,4.6,"8,696 Ratings & 630 Reviews"
193,"APPLE iPhone 7 Plus (Red, 128 GB)","₹42,900",128 GB ROM13.94 cm (5.488 inch) Retina HD Display12MP Rear Camera | 7MP Front CameraApple A10 Fusion 64-bit processor and Embedded M10 Motion Co-processorBrand Warranty of 1 Year,4.5,"29,851 Ratings & 2,991 Reviews"
194,"APPLE iPhone 13 mini (Starlight, 512 GB)","₹94,900",512 GB ROM13.72 cm (5.4 inch) Super Retina XDR Display12MP + 12MP | 12MP Front CameraA15 Bionic Chip ProcessorBrand Warranty for 1 Year,4.5,"3,772 Ratings & 329 Reviews"
195,"APPLE iPhone SE 3rd Gen (Starlight, 256 GB)","₹64,900","256 GB ROM11.94 cm (4.7 inch) Retina HD Display12MP Rear Camera | 7MP Front CameraA15 Bionic Chip, 6 Core Processor ProcessorBrand Warranty of 1 Year",4.4,"1,348 Ratings & 134 Reviews"
196,"APPLE iPhone SE 3rd Gen (Product (Red), 256 GB)","₹64,900","256 GB ROM11.94 cm (4.7 inch) Retina HD Display12MP Rear Camera | 7MP Front CameraA15 Bionic Chip, 6 Core Processor ProcessorBrand Warranty of 1 Year",4.4,"1,348 Ratings & 134 Reviews"
197,"Apple iPhone XR (White, 256 GB) (Includes EarPods, Power Adapter)","₹91,900",256 GB ROM15.49 cm (6.1 inch) Display12MP Rear Camera | 7MP Front CameraA12 Bionic Chip ProcessorBrand Warranty of 1 Year,4.6,"1,01,049 Ratings & 8,541 Reviews"
198,"APPLE iPhone 13 Pro (Sierra Blue, 256 GB)","₹1,29,900",256 GB ROM15.49 cm (6.1 inch) Super Retina XDR Display12MP + 12MP + 12MP | 12MP Front CameraA15 Bionic Chip ProcessorBrand Warranty for 1 Year,4.7,"1,587 Ratings & 126 Reviews"
199,"APPLE iPhone SE 3rd Gen (Midnight, 64 GB)","₹49,900","64 GB ROM11.94 cm (4.7 inch) Retina HD Display12MP Rear Camera | 7MP Front CameraA15 Bionic Chip, 6 Core Processor ProcessorBrand Warranty of 1 Year",4.4,"1,348 Ratings & 134 Reviews"
200,"APPLE iPhone XR (Blue, 64 GB)","₹47,900","64 GB ROM15.49 cm (6.1 inch) Display12MP Rear Camera | 7MP Front CameraA12 Bionic Chip ProcessorWater and Dust Resistant (1 meter for Upto 30 minutes, IP67)Face ID for Secure AuthenticationFast-charge CapableBrand Warranty of 1 Year",4.6,"1,01,049 Ratings & 8,541 Reviews"
201,"APPLE iPhone 7 Plus (Jet Black, 32 GB)","₹37,900",32 GB ROM13.94 cm (5.488 inch) Retina HD Display12MP + 12MP | 7MP Front CameraApple A10 Fusion 64-bit processor and Embedded M10 Motion Co-processor1 Year Manufacturer Warranty,4.5,"29,851 Ratings & 2,991 Reviews"
202,"APPLE iPhone 11 Pro Max (Midnight Green, 256 GB)","₹1,31,900",256 GB ROM16.51 cm (6.5 inch) Super Retina XDR Display12MP + 12MP + 12MP | 12MP Front CameraA13 Bionic Chip ProcessorBrand Warranty for 1 Year,4.7,"1,103 Ratings & 100 Reviews"
203,"APPLE iPhone 7 Plus (Silver, 256 GB)","₹85,400",256 GB ROM13.97 cm (5.5 inch) Retina HD Display12MP + 12MP | 7MP Front CameraApple A10 Fusion 64-bit processor and Embedded M10 Motion Co-processorBrand Warranty of 1 Year,4.5,"29,851 Ratings & 2,991 Reviews"
204,"APPLE iPhone 7 (Red, 128 GB)","₹34,900",128 GB ROM11.94 cm (4.7 inch) Retina HD Display12MP Rear Camera | 7MP Front CameraApple A10 Fusion 64-bit processor and Embedded M10 Motion Co-processorBrand Warranty of 1 Year,4.5,"95,195 Ratings & 9,180 Reviews"
205,"APPLE iPhone 13 Pro (Graphite, 1 TB)","₹1,69,900",1 TB ROM15.49 cm (6.1 inch) Super Retina XDR Display12MP + 12MP + 12MP | 12MP Front CameraA15 Bionic Chip ProcessorBrand Warranty for 1 Year,4.7,"1,587 Ratings & 126 Reviews"
206,"APPLE iPhone 13 mini (Blue, 512 GB)","₹94,900",512 GB ROM13.72 cm (5.4 inch) Super Retina XDR Display12MP + 12MP | 12MP Front CameraA15 Bionic Chip ProcessorBrand Warranty for 1 Year,4.5,"3,772 Ratings & 329 Reviews"
207,"APPLE iPhone 6s Plus (Silver, 64 GB)","₹59,999",64 GB ROM13.97 cm (5.5 inch) Retina HD Display12MP Rear Camera | 5MP Front CameraA9 Chip with 64-bit Architecture and M9 Motion Co-processorBrand Warranty of 1 Year,4.4,"18,839 Ratings & 2,367 Reviews"
208,"Apple iPhone XR (Yellow, 64 GB) (Includes EarPods, Power Adapter)","₹47,900",64 GB ROM15.49 cm (6.1 inch) Display12MP Rear Camera | 7MP Front CameraA12 Bionic Chip ProcessoriOS 13 CompatibleBrand Warranty of 1 Year,4.6,"1,01,049 Ratings & 8,541 Reviews"
209,"APPLE iPhone 6s (Silver, 16 GB)","₹41,999",16 GB ROM11.94 cm (4.7 inch) Retina HD Display12MP Rear Camera | 5MP Front CameraA9 Chip with 64-bit Architecture and M9 Motion Co-processorBrand Warranty of 1 Year,4.5,"93,138 Ratings & 9,221 Reviews"
210,"APPLE iPhone 6s (Silver, 64 GB)","₹49,999",64 GB ROM11.94 cm (4.7 inch) Retina HD Display12MP Rear Camera | 5MP Front CameraA9 Chip with 64-bit Architecture and M9 Motion Co-processorBrand Warranty of 1 Year,4.5,"93,138 Ratings & 9,221 Reviews"
211,"APPLE iPhone XR (Yellow, 64 GB)","₹47,900",64 GB ROM15.49 cm (6.1 inch) Display12MP Rear Camera | 7MP Front CameraA12 Bionic Chip ProcessorBrand Warranty of 1 Year,4.6,"1,01,049 Ratings & 8,541 Reviews"
212,"APPLE iPhone 8 (PRODUCT)RED (Red, 256 GB)","₹81,500","256 GB ROM11.94 cm (4.7 inch) Retina HD Display12MP Rear Camera | 7MP Front CameraA11 Bionic Chip with 64-bit Architecture, Neural Engine, Embedded M11 Motion Coprocessor ProcessorBrand Warranty of 1 Year",4.7,113 Ratings & 10 Reviews
213,"APPLE iPhone 7 (Rose Gold, 256 GB)","₹74,400",256 GB ROM11.94 cm (4.7 inch) Retina HD Display12MP Rear Camera | 7MP Front CameraA10 Fusion Chip with 64-bit Architecture and Embedded M10 Motion Co-processorBrand Warranty of 1 Year,4.5,"95,195 Ratings & 9,180 Reviews"
214,"APPLE iPhone XR (Yellow, 128 GB)","₹52,900","128 GB ROM15.49 cm (6.1 inch) Display12MP Rear Camera | 7MP Front CameraA12 Bionic Chip ProcessorWater and Dust Resistant (1 meter for Upto 30 minutes, IP67)Face ID for Secure AuthenticationFast-charge CapableBrand Warranty of 1 Year",4.6,"1,01,049 Ratings & 8,541 Reviews"
215,"APPLE iPhone 14 Pro (Silver, 1 TB)","₹1,69,900","1 TB ROM15.49 cm (6.1 inch) Super Retina XDR Display48MP + 12MP + 12MP | 12MP Front CameraA16 Bionic Chip, 6 Core Processor Processor1 Year Warranty for Phone and 6 Months Warranty for In-Box Accessories",4.6,"2,117 Ratings & 152 Reviews"
216,"APPLE iPhone 7 (Rose Gold, 32 GB)","₹31,500",32 GB ROM11.94 cm (4.7 inch) Retina HD Display12MP Rear Camera | 7MP Front CameraApple A10 Fusion 64-bit processor and Embedded M10 Motion Co-processoriOS 13 CompatibleBrand Warranty of 1 Year,4.5,"95,195 Ratings & 9,180 Reviews"
217,"APPLE iPhone 7 Plus (Jet Black, 256 GB)","₹85,400",256 GB ROM13.97 cm (5.5 inch) Retina HD Display12MP + 12MP | 7MP Front CameraApple A10 Fusion 64-bit processor and Embedded M10 Motion Co-processorBrand Warranty of 1 Year,4.5,"29,851 Ratings & 2,991 Reviews"
218,"APPLE iPhone 13 mini ((PRODUCT)RED, 256 GB)","₹74,900",256 GB ROM13.72 cm (5.4 inch) Super Retina XDR Display12MP + 12MP | 12MP Front CameraA15 Bionic Chip ProcessorBrand Warranty for 1 Year,4.5,"3,772 Ratings & 329 Reviews"
219,"APPLE iPhone 11 Pro (Midnight Green, 512 GB)","₹1,40,300",512 GB ROM14.73 cm (5.8 inch) Super Retina XDR Display12MP + 12MP + 12MP | 12MP Front CameraA13 Bionic Chip ProcessorBrand Warranty for 1 Year,4.6,"8,696 Ratings & 630 Reviews"
220,"Apple iPhone XR (Yellow, 256 GB) (Includes EarPods, Power Adapter)","₹91,900",256 GB ROM15.49 cm (6.1 inch) Display12MP Rear Camera | 7MP Front CameraA12 Bionic Chip ProcessorBrand Warranty of 1 Year,4.6,"1,01,049 Ratings & 8,541 Reviews"
221,"APPLE iPhone 11 Pro Max (Silver, 64 GB)","₹1,17,100",64 GB ROM16.51 cm (6.5 inch) Super Retina XDR Display12MP + 12MP + 12MP | 12MP Front CameraA13 Bionic Chip ProcessorBrand Warranty for 1 Year,4.7,"1,103 Ratings & 100 Reviews"
222,"APPLE iPhone 6s Plus (Space Grey, 32 GB)","₹34,900",32 GB ROM13.97 cm (5.5 inch) Retina HD Display12MP Rear Camera | 5MP Front CameraApple A9 64-bit processor and Embedded M9 Motion Co-processorBrand Warranty of 1 Year,4.4,"18,839 Ratings & 2,367 Reviews"
223,"APPLE iPhone 13 mini (Midnight, 512 GB)","₹94,900",512 GB ROM13.72 cm (5.4 inch) Super Retina XDR Display12MP + 12MP | 12MP Front CameraA15 Bionic Chip ProcessorBrand Warranty for 1 Year,4.5,"3,772 Ratings & 329 Reviews"
224,"APPLE iPhone 13 Pro (Silver, 512 GB)","₹1,49,900",512 GB ROM15.49 cm (6.1 inch) Super Retina XDR Display12MP + 12MP + 12MP | 12MP Front CameraA15 Bionic Chip ProcessorBrand Warranty for 1 Year,4.7,"1,587 Ratings & 126 Reviews"
225,"APPLE iPhone 11 Pro (Silver, 64 GB)","₹1,06,600",64 GB ROM14.73 cm (5.8 inch) Super Retina XDR Display12MP + 12MP + 12MP | 12MP Front CameraA13 Bionic Chip ProcessorBrand Warranty for 1 Year,4.6,"8,696 Ratings & 630 Reviews"
226,"APPLE iPhone 6s (Silver, 128 GB)","₹55,999",128 GB ROM11.94 cm (4.7 inch) Retina HD Display12MP Rear Camera | 5MP Front CameraA9 Chip with 64-bit Architecture and M9 Motion Co-processorBrand Warranty of 1 Year,4.5,"93,138 Ratings & 9,221 Reviews"
227,"APPLE iPhone 13 Pro Max (Graphite, 256 GB)","₹1,39,900",256 GB ROM17.02 cm (6.7 inch) Super Retina XDR Display12MP + 12MP + 12MP | 12MP Front CameraA15 Bionic Chip ProcessorBrand Warranty for 1 Year,4.6,"2,053 Ratings & 199 Reviews"
228,"APPLE iPhone 13 mini (Pink, 256 GB)","₹74,900",256 GB ROM13.72 cm (5.4 inch) Super Retina XDR Display12MP + 12MP | 12MP Front CameraA15 Bionic Chip ProcessorBrand Warranty for 1 Year,4.5,"3,772 Ratings & 329 Reviews"
229,"APPLE iPhone 7 (Gold, 256 GB)","₹74,400",256 GB ROM11.94 cm (4.7 inch) Retina HD Display12MP Rear Camera | 7MP Front CameraA10 Fusion Chip with 64-bit Architecture and Embedded M10 Motion Co-processorBrand Warranty of 1 Year,4.5,"95,195 Ratings & 9,180 Reviews"
230,"APPLE iPhone 7 (Jet Black, 256 GB)","₹74,400",256 GB ROM11.94 cm (4.7 inch) Retina HD Display12MP Rear Camera | 7MP Front CameraApple A10 Fusion 64-bit processor and Embedded M10 Motion Co-processorBrand Warranty of 1 Year,4.5,"95,195 Ratings & 9,180 Reviews"
231,"APPLE iPhone 6s Plus (Space Grey, 128 GB)","₹92,000",128 GB ROM13.97 cm (5.5 inch) Retina HD Display12MP Rear Camera | 5MP Front CameraA9 Chip with 64-bit Architecture and M9 Motion Co-processorBrand Warranty of 1 Year,4.4,"18,839 Ratings & 2,367 Reviews"
232,"APPLE iPhone 6s Plus (Rose Gold, 64 GB)","₹59,999",64 GB ROM13.97 cm (5.5 inch) Retina HD Display12MP Rear Camera | 5MP Front CameraA9 Chip with 64-bit Architecture and M9 Motion Co-processorBrand Warranty of 1 Year,4.4,"18,839 Ratings & 2,367 Reviews"
233,"APPLE iPhone 14 Pro (Space Black, 1 TB)","₹1,69,900","1 TB ROM15.49 cm (6.1 inch) Super Retina XDR Display48MP + 12MP + 12MP | 12MP Front CameraA16 Bionic Chip, 6 Core Processor Processor1 Year Warranty for Phone and 6 Months Warranty for In-Box Accessories",4.6,"2,117 Ratings & 152 Reviews"
234,"Apple iPhone XR (Blue, 64 GB) (Includes EarPods, Power Adapter)","₹47,900",64 GB ROM15.49 cm (6.1 inch) Display12MP Rear Camera | 7MP Front CameraA12 Bionic Chip ProcessoriOS 13 CompatibleBrand Warranty of 1 Year,4.6,"1,01,049 Ratings & 8,541 Reviews"
235,"APPLE iPhone 7 Plus (Jet Black, 128 GB)","₹42,900",128 GB ROM13.94 cm (5.488 inch) Retina HD Display12MP + 12MP | 7MP Front CameraApple A10 Fusion 64-bit processor and Embedded M10 Motion Co-processorBrand Warranty of 1 Year,4.5,"29,851 Ratings & 2,991 Reviews"
236,"APPLE iPhone 7 (Silver, 32 GB)","₹31,500",32 GB ROM11.94 cm (4.7 inch) Retina HD Display12MP Rear Camera | 7MP Front CameraApple A10 Fusion 64-bit processor and Embedded M10 Motion Co-processoriOS 13 CompatibleBrand Warranty of 1 Year,4.5,"95,195 Ratings & 9,180 Reviews"
237,"APPLE iPhone 7 (Gold, 32 GB)","₹31,500",32 GB ROM11.94 cm (4.7 inch) Retina HD Display12MP Rear Camera | 7MP Front CameraApple A10 Fusion 64-bit processor and Embedded M10 Motion Co-processoriOS 13 CompatibleBrand Warranty of 1 Year,4.5,"95,195 Ratings & 9,180 Reviews"
238,"APPLE iPhone 11 Pro Max (Silver, 256 GB)","₹1,31,900",256 GB ROM16.51 cm (6.5 inch) Super Retina XDR Display12MP + 12MP + 12MP | 12MP Front CameraA13 Bionic Chip ProcessorBrand Warranty for 1 Year,4.7,"1,103 Ratings & 100 Reviews"
239,"Apple iPhone XR (Blue, 256 GB) (Includes EarPods, Power Adapter)","₹91,900",256 GB ROM15.49 cm (6.1 inch) Display12MP Rear Camera | 7MP Front CameraA12 Bionic Chip ProcessorBrand Warranty of 1 Year,4.6,"1,01,049 Ratings & 8,541 Reviews"
